Accuracy,L2 Penalty Term
0.7410658307210032,0.1
0.7404388714733543,0.25
0.7473354231974921,0.4
0.7435736677115987,0.5499999999999999
0.7429467084639498,0.7
0.7391849529780564,0.85
0.736050156739812,1.0
0.7398119122257054,2.5
0.7429467084639498,4.0
0.7517241379310345,5.5
0.7460815047021944,7.0
0.7435736677115987,8.5
