Accuracy,L2 Penalty Term
0.7467084639498432,10.0
0.7448275862068965,11.5
0.7479623824451409,13.0
0.74858934169279,14.5
0.7460815047021944,16.0
0.747962382445141,17.5
0.7473354231974922,19.0
