Accuracy,L2 Penalty Term
0.736050156739812,1.0
0.7398119122257054,2.5
0.7429467084639498,4.0
0.7517241379310345,5.5
0.7460815047021944,7.0
0.7435736677115987,8.5
